MINSAN,Prodotto,Categoria,Immagine,Farmacia Igea,Farmaè,Farmacia Loreto,1000Farmacie,Top Farmacia,eFarma
34947019,Tachipirina 500mg 20 Compresse,Farmaci da banco (SOP/OTC),,4.90,4.80,4.95,4.70,4.85,4.90
28456012,Tachipirina 1000mg 30 Compresse,Farmaci da banco (SOP/OTC),,6.20,5.95,6.15,5.90,6.10,6.00
33784013,Nurofen 200mg 12 Compresse Rivestite,Farmaci da banco (SOP/OTC),,6.50,6.40,6.50,6.35,6.45,6.55
35123011,Moment 200mg 12 Compresse,Farmaci da banco (SOP/OTC),,5.20,4.90,5.15,4.80,5.00,5.10
32412015,Stodal Sciroppo Omeopatico 200ml,Omeopatia e Granuli,,9.80,9.50,9.75,9.30,9.60,9.70
37123018,Boiron Nux Vomica 9CH Granuli,Omeopatia e Granuli,,5.10,4.90,5.05,4.75,4.95,5.00
38451012,Heel Traumeel S Gocce 30ml,Fitoterapia e Tinture Madri,,17.50,17.20,17.60,16.80,17.30,17.40
41236014,Guna Basic Bustine,Integratori e Vitamine,,24.50,24.00,24.60,23.80,24.20,24.30
42158019,Grintuss Adult Sciroppo 180g,Farmaci da banco (SOP/OTC),,13.50,13.20,13.60,12.90,13.30,13.40
03348002,Oki 80mg Granulato 30 Bustine,Farmaci da banco (SOP/OTC),,10.80,10.50,10.90,10.20,10.60,10.70
03256018,Polase 36 Bustine,Integratori e Vitamine,,15.20,14.80,15.10,14.50,14.90,15.00
03749021,Enterogermina 2 Miliardi 20 Flaconcini,Integratori e Vitamine,,13.90,13.50,13.80,13.20,13.60,13.70
02883013,Maalox Plus 50 Compresse Masticabili,Farmaci da banco (SOP/OTC),,9.50,9.20,9.60,8.90,9.30,9.40
03921015,Froben Gola 0,25% Spray 15ml,Farmaci da banco (SOP/OTC),,9.20,8.90,9.30,8.60,9.00,9.10
04102033,Benagol Limone e Miele 24 Pastiglie,Farmaci da banco (SOP/OTC),,7.10,6.80,7.20,6.50,6.90,7.00
